<?xml version="1.0" encoding="UTF-8"?>
<feature id="org.eclipse.rse.terminals.source" version="0.1.3.v200902181600-2269sB9EP_M_W5B5B3822" label="%featureName" provider-name="%providerName" image="eclipse_update_120.jpg"    >
	<description >
		%description
	</description>
	<copyright >
		%copyright
	</copyright>
	<license url="%licenseURL">
		%license
	</license>
	<url>
		<update url="http://download.eclipse.org/dsdp/tm/updates/3.0" label="%tmUpdateSiteName"/>
		<discovery url="http://download.eclipse.org/dsdp/tm/updates/3.0" label="%tmUpdateSiteName"/>
	</url>
	<plugin id="org.eclipse.rse.terminals.source" version="0.1.3.v200902181600-2269sB9EP_M_W5B5B3822"    />
</feature>
