<?xml version="1.0" encoding="UTF-8"?>
<feature id="org.eclipse.rse.core.source" version="3.0.3.v200902042310-7Z37HEB7sQSCRiULOVOE" label="%featureName" provider-name="%providerName"     >
	<description >
		%description
	</description>
	<copyright url="http://www.eclipse.org/legal/epl-v10.html">
		%copyright
	</copyright>
	<license url="%licenseURL">
		%license
	</license>
	<url>
		<update url="http://download.eclipse.org/dsdp/tm/updates/3.0" label="%tmUpdateSiteName"/>
		<discovery url="http://download.eclipse.org/dsdp/tm/updates/3.0" label="%tmUpdateSiteName"/>
	</url>
	<plugin id="org.eclipse.rse.core.source" version="3.0.3.v200902042310-7Z37HEB7sQSCRiULOVOE"    />
</feature>
