<?xml version="1.0" encoding="UTF-8"?>
<feature
      id="org.eclipse.rse.ssh"
      label="%featureName"
      version="2.1.1.v20080714-7830_kE77c7V8M"
      provider-name="%providerName"
      plugin="org.eclipse.rse.services.ssh">

   <description>
      %description
   </description>

   <copyright>
      %copyright
   </copyright>

   <license url="%licenseURL">
      %license
   </license>

   <url>
      <update label="%tmUpdateSiteName" url="http://download.eclipse.org/dsdp/tm/updates/3.0"/>
      <discovery label="%tmUpdateSiteName" url="http://download.eclipse.org/dsdp/tm/updates/3.0"/>
   </url>

   <requires>
      <import plugin="org.eclipse.core.runtime"/>
      <import plugin="org.eclipse.ui"/>
      <import plugin="org.eclipse.jsch.core" version="1.0.0" match="compatible"/>
      <import plugin="com.jcraft.jsch" version="0.1.31" match="compatible"/>
      <import plugin="org.eclipse.rse.services" version="3.0.0" match="compatible"/>
      <import plugin="org.eclipse.rse.core" version="3.0.0" match="compatible"/>
      <import plugin="org.eclipse.rse.ui" version="3.0.0" match="compatible"/>
      <import plugin="org.eclipse.rse.subsystems.files.core" version="3.0.0" match="compatible"/>
      <import plugin="org.eclipse.rse.subsystems.shells.core" version="3.0.0" match="compatible"/>
   </requires>

   <plugin
         id="org.eclipse.rse.services.ssh"
         download-size="19"
         install-size="34"
         version="2.1.1.v20080714"
         unpack="false"/>

   <plugin
         id="org.eclipse.rse.connectorservice.ssh"
         download-size="9"
         install-size="23"
         version="2.1.0.v20080604"
         unpack="false"/>

   <plugin
         id="org.eclipse.rse.subsystems.files.ssh"
         download-size="5"
         install-size="10"
         version="2.1.0.v20080604"
         unpack="false"/>

   <plugin
         id="org.eclipse.rse.subsystems.shells.ssh"
         download-size="5"
         install-size="10"
         version="2.1.0.v20080604"
         unpack="false"/>

</feature>
