<?xml version="1.0" encoding="UTF-8"?>
<feature
      id="org.eclipse.rse.telnet.source"
      label="%featureName"
      version="2.1.1.v200809181500-6678AgI99m9W9X5J79"
      provider-name="%providerName">

   <description>
      %description
   </description>

   <copyright url="http://www.eclipse.org/legal/epl-v10.html">
      %copyright
   </copyright>

   <license url="%licenseURL">
      %license
   </license>

   <url>
      <update label="%tmUpdateSiteName" url="http://download.eclipse.org/dsdp/tm/updates/3.0"/>
      <discovery label="%tmUpdateSiteName" url="http://download.eclipse.org/dsdp/tm/updates/3.0"/>
   </url>

   <plugin
         id="org.eclipse.rse.telnet.source"
         download-size="34"
         install-size="43"
         version="2.1.1.v200809181500-6678AgI99m9W9X5J79"/>

   <plugin
         id="org.apache.commons.net.source"
         download-size="180"
         install-size="304"
         version="1.4.1.v200803071935"
         unpack="false"/>

   <plugin
         id="org.apache.oro.source"
         download-size="101"
         install-size="201"
         version="2.0.8.v200803061811"
         unpack="false"/>

</feature>
