<?xml version="1.0" encoding="UTF-8"?>
<feature id="org.eclipse.rse.local.source" version="2.1.1.v20080710-7_40AgI99m9d_O" label="%featureName" provider-name="%providerName"     >
	<description >
		%description
	</description>
	<copyright url="http://www.eclipse.org/legal/epl-v10.html">
		%copyright
	</copyright>
	<license url="%licenseURL">
		%license
	</license>
	<url>
		<update url="http://download.eclipse.org/dsdp/tm/updates/3.0" label="%tmUpdateSiteName"/>
		<discovery url="http://download.eclipse.org/dsdp/tm/updates/3.0" label="%tmUpdateSiteName"/>
	</url>
	<plugin id="org.eclipse.rse.local.source" version="2.1.1.v20080710-7_40AgI99m9d_O"    />
</feature>
