<?xml version="1.0" encoding="UTF-8"?>
<feature
      id="org.eclipse.tm.terminal"
      label="%featureName"
      version="2.0.3.v200902181600-2-27w311_13292711"
      provider-name="%providerName">

   <description>
      %description
   </description>

   <copyright>
      %copyright
   </copyright>

   <license url="%licenseURL">
      %license
   </license>

   <url>
      <update label="%tmUpdateSiteName" url="http://download.eclipse.org/dsdp/tm/updates/3.0"/>
      <discovery label="%tmUpdateSiteName" url="http://download.eclipse.org/dsdp/tm/updates/3.0"/>
   </url>

   <requires>
      <import plugin="org.eclipse.core.runtime"/>
      <import plugin="org.eclipse.ui"/>
   </requires>

   <plugin
         id="org.eclipse.tm.terminal"
         download-size="56"
         install-size="56"
         version="2.0.3.v200902181600"
         unpack="false"/>

</feature>
