<?xml version="1.0" encoding="UTF-8"?>
<feature
      id="org.eclipse.rse.ftp"
      label="%featureName"
      version="3.0.1.v200809171630-78479_kE77c7Q8b8T_F"
      provider-name="%providerName"
      plugin="org.eclipse.rse.services.files.ftp">

   <description>
      %description
   </description>

   <copyright url="http://www.eclipse.org/legal/epl-v10.html">
      %copyright
   </copyright>

   <license url="%licenseURL">
      %license
   </license>

   <url>
      <update label="%tmUpdateSiteName" url="http://download.eclipse.org/dsdp/tm/updates/3.0"/>
      <discovery label="%tmUpdateSiteName" url="http://download.eclipse.org/dsdp/tm/updates/3.0"/>
   </url>

   <requires>
      <import plugin="org.eclipse.core.resources"/>
      <import plugin="org.eclipse.core.runtime"/>
      <import plugin="org.eclipse.ui"/>
      <import plugin="org.eclipse.ui.console"/>
      <import plugin="org.apache.oro" version="2.0.8" match="equivalent"/>
      <import plugin="org.apache.commons.net" version="1.4.1" match="compatible"/>
      <import plugin="org.eclipse.rse.services" version="3.0.0" match="compatible"/>
      <import plugin="org.eclipse.rse.subsystems.files.core" version="3.0.0" match="compatible"/>
      <import plugin="org.eclipse.rse.ui" version="3.0.0" match="compatible"/>
   </requires>

   <plugin
         id="org.apache.oro"
         download-size="30"
         install-size="73"
         version="2.0.8.v200803061811"
         unpack="false"/>

   <plugin
         id="org.apache.commons.net"
         download-size="66"
         install-size="189"
         version="1.4.1.v200803071935"
         unpack="false"/>

   <plugin
         id="org.eclipse.rse.services.files.ftp"
         download-size="11"
         install-size="18"
         version="3.0.1.v200808191815"
         unpack="false"/>

   <plugin
         id="org.eclipse.rse.subsystems.files.ftp"
         download-size="5"
         install-size="13"
         version="2.1.0.v20080609"
         unpack="false"/>

</feature>
