<?xml version="1.0" encoding="UTF-8"?>
<feature
      id="org.eclipse.rse.dstore"
      label="%featureName"
      version="3.0.3.v200902042310-7J378DUUEFGEpIz-AW8E"
      provider-name="%providerName"
      plugin="org.eclipse.rse.services.dstore">

   <description>
      %description
   </description>

   <copyright url="http://www.eclipse.org/legal/epl-v10.html">
      %copyright
   </copyright>

   <license url="%licenseURL">
      %license
   </license>

   <url>
      <update label="%tmUpdateSiteName" url="http://download.eclipse.org/dsdp/tm/updates/3.0"/>
      <discovery label="%tmUpdateSiteName" url="http://download.eclipse.org/dsdp/tm/updates/3.0"/>
   </url>

   <requires>
      <import plugin="org.eclipse.core.resources"/>
      <import plugin="org.eclipse.core.runtime"/>
      <import plugin="org.eclipse.ui"/>
      <import plugin="org.eclipse.ui.views"/>
      <import plugin="org.eclipse.rse.services" version="3.0.0" match="compatible"/>
      <import plugin="org.eclipse.rse.subsystems.files.core" version="3.0.0" match="compatible"/>
      <import plugin="org.eclipse.rse.subsystems.processes.core" version="3.0.0" match="compatible"/>
      <import plugin="org.eclipse.rse.subsystems.shells.core" version="3.0.0" match="compatible"/>
      <import plugin="org.eclipse.rse.ui" version="3.0.0" match="compatible"/>
   </requires>

   <plugin
         id="org.eclipse.dstore.core"
         download-size="52"
         install-size="154"
         version="3.0.3.v200902101918"
         unpack="false"/>

   <plugin
         id="org.eclipse.dstore.extra"
         download-size="4"
         install-size="13"
         version="2.1.0.v20080406"
         unpack="false"/>

   <plugin
         id="org.eclipse.rse.connectorservice.dstore"
         download-size="16"
         install-size="40"
         version="3.0.1.v200809181500"
         unpack="false"/>

   <plugin
         id="org.eclipse.rse.services.dstore"
         download-size="59"
         install-size="156"
         version="3.0.3.v200902181600"
         unpack="false"/>

   <plugin
         id="org.eclipse.rse.subsystems.files.dstore"
         download-size="14"
         install-size="42"
         version="2.1.2.v200902181600"
         unpack="false"/>

   <plugin
         id="org.eclipse.rse.subsystems.processes.dstore"
         download-size="5"
         install-size="10"
         version="2.1.0.v20080604"
         unpack="false"/>

   <plugin
         id="org.eclipse.rse.subsystems.shells.dstore"
         download-size="5"
         install-size="10"
         version="2.1.0.v20080604"
         unpack="false"/>

   <plugin
         id="org.eclipse.rse.dstore.security"
         download-size="20"
         install-size="56"
         version="3.0.0.v20080609"
         unpack="false"/>

</feature>
