<?xml version="1.0" encoding="UTF-8"?>
<feature
      id="org.eclipse.rse.core"
      label="%featureName"
      version="3.0.3.v200902042310-7Z37HEB7sQSCRiULOVOE"
      provider-name="%providerName"
      plugin="org.eclipse.rse.core">

   <description>
      %description
   </description>

   <copyright url="http://www.eclipse.org/legal/epl-v10.html">
      %copyright
   </copyright>

   <license url="%licenseURL">
      %license
   </license>

   <url>
      <update label="%tmUpdateSiteName" url="http://download.eclipse.org/dsdp/tm/updates/3.0"/>
      <discovery label="%tmUpdateSiteName" url="http://download.eclipse.org/dsdp/tm/updates/3.0"/>
   </url>

   <requires>
      <import plugin="org.eclipse.compare"/>
      <import plugin="org.eclipse.core.filesystem"/>
      <import plugin="org.eclipse.core.resources"/>
      <import plugin="org.eclipse.core.runtime"/>
      <import plugin="org.eclipse.debug.core"/>
      <import plugin="org.eclipse.jface"/>
      <import plugin="org.eclipse.jface.text"/>
      <import plugin="org.eclipse.search"/>
      <import plugin="org.eclipse.swt"/>
      <import plugin="org.eclipse.ui"/>
      <import plugin="org.eclipse.ui.editors"/>
      <import plugin="org.eclipse.ui.forms"/>
      <import plugin="org.eclipse.ui.ide"/>
      <import plugin="org.eclipse.ui.views"/>
      <import plugin="org.eclipse.ui.workbench.texteditor"/>
   </requires>

   <plugin
         id="org.eclipse.rse.core"
         download-size="41"
         install-size="133"
         version="3.0.3.v200902042310"
         unpack="false"/>

   <plugin
         id="org.eclipse.rse.doc.user"
         download-size="159"
         install-size="193"
         version="3.0.1.v200809041200"
         unpack="false"/>

   <plugin
         id="org.eclipse.rse.efs"
         download-size="7"
         install-size="14"
         version="2.1.1.v200809041200"
         unpack="false"/>

   <plugin
         id="org.eclipse.rse.efs.ui"
         download-size="7"
         install-size="14"
         version="2.1.0.v20080606"
         unpack="false"/>

   <plugin
         id="org.eclipse.rse.importexport"
         download-size="51"
         install-size="147"
         version="1.1.0.v20080604"
         unpack="false"/>

   <plugin
         id="org.eclipse.rse.files.ui"
         download-size="111"
         install-size="407"
         version="3.0.3.v200902050040"
         unpack="false"/>

   <plugin
         id="org.eclipse.rse.processes.ui"
         download-size="22"
         install-size="61"
         version="3.0.1.v20080714"
         unpack="false"/>

   <plugin
         id="org.eclipse.rse.services"
         download-size="57"
         install-size="183"
         version="3.0.1.v200809091230"
         unpack="false"/>

   <plugin
         id="org.eclipse.rse.shells.ui"
         download-size="40"
         install-size="135"
         version="3.0.1.v20080710"
         unpack="false"/>

   <plugin
         id="org.eclipse.rse.subsystems.files.core"
         download-size="32"
         install-size="98"
         version="3.0.1.v200809041200"
         unpack="false"/>

   <plugin
         id="org.eclipse.rse.subsystems.processes.core"
         download-size="7"
         install-size="21"
         version="3.0.3.v200902042310"
         unpack="false"/>

   <plugin
         id="org.eclipse.rse.subsystems.processes.shell.linux"
         download-size="8"
         install-size="22"
         version="1.1.1.v20080714"
         unpack="false"/>

   <plugin
         id="org.eclipse.rse.subsystems.shells.core"
         download-size="16"
         install-size="56"
         version="3.0.0.v20080604"
         unpack="false"/>

   <plugin
         id="org.eclipse.rse.ui"
         download-size="548"
         install-size="1677"
         version="3.0.3.v200902042310"
         unpack="false"/>

</feature>
