<?xml version="1.0" encoding="UTF-8"?>
<feature
      id="org.eclipse.rse.telnet"
      label="%featureName"
      version="2.1.1.v200809181500-6678AgI99m9W9X5J79"
      provider-name="%providerName"
      plugin="org.eclipse.rse.services.telnet">

   <description>
      %description
   </description>

   <copyright url="http://www.eclipse.org/legal/epl-v10.html">
      %copyright
   </copyright>

   <license url="%licenseURL">
      %license
   </license>

   <url>
      <update label="%tmUpdateSiteName" url="http://download.eclipse.org/dsdp/tm/updates/3.0"/>
      <discovery label="%tmUpdateSiteName" url="http://download.eclipse.org/dsdp/tm/updates/3.0"/>
   </url>

   <requires>
      <import plugin="org.eclipse.core.runtime"/>
      <import plugin="org.eclipse.ui"/>
      <import plugin="org.eclipse.rse.core" version="3.0.0" match="compatible"/>
      <import plugin="org.eclipse.rse.services" version="3.0.0" match="compatible"/>
      <import plugin="org.eclipse.rse.shells.ui" version="3.0.0" match="compatible"/>
      <import plugin="org.eclipse.rse.subsystems.shells.core" version="3.0.0" match="compatible"/>
      <import plugin="org.eclipse.rse.ui" version="3.0.0" match="compatible"/>
   </requires>

   <plugin
         id="org.apache.oro"
         download-size="30"
         install-size="73"
         version="2.0.8.v200803061811"
         unpack="false"/>

   <plugin
         id="org.apache.commons.net"
         download-size="66"
         install-size="189"
         version="1.4.1.v200803071935"
         unpack="false"/>

   <plugin
         id="org.eclipse.rse.connectorservice.telnet"
         download-size="10"
         install-size="21"
         version="1.1.0.v20080604"
         unpack="false"/>

   <plugin
         id="org.eclipse.rse.services.telnet"
         download-size="14"
         install-size="23"
         version="1.1.0.v20080604"
         unpack="false"/>

   <plugin
         id="org.eclipse.rse.subsystems.shells.telnet"
         download-size="7"
         install-size="14"
         version="1.1.0.v20080604"
         unpack="false"/>

</feature>
