<?xml version="1.0" encoding="UTF-8"?>
<feature id="org.eclipse.rse.ssh.source" version="2.1.1.v20080714-7830_kE77c7V8M" label="%featureName" provider-name="%providerName"     >
	<description >
		%description
	</description>
	<copyright >
		%copyright
	</copyright>
	<license url="%licenseURL">
		%license
	</license>
	<url>
		<update url="http://download.eclipse.org/dsdp/tm/updates/3.0" label="%tmUpdateSiteName"/>
		<discovery url="http://download.eclipse.org/dsdp/tm/updates/3.0" label="%tmUpdateSiteName"/>
	</url>
	<plugin id="org.eclipse.rse.ssh.source" version="2.1.1.v20080714-7830_kE77c7V8M"    />
</feature>
