<?xml version="1.0" encoding="UTF-8"?>
<feature
      id="org.eclipse.rse.terminals"
      label="%featureName"
      version="0.1.3.v200902181600-2269sB9EP_M_W5B5B3822"
      provider-name="%providerName"
      plugin="org.eclipse.rse.terminals.ui"
      image="eclipse_update_120.jpg">

   <description>
      %description
   </description>

   <copyright>
      %copyright
   </copyright>

   <license url="%licenseURL">
      %license
   </license>

   <url>
      <update label="%tmUpdateSiteName" url="http://download.eclipse.org/dsdp/tm/updates/3.0"/>
      <discovery label="%tmUpdateSiteName" url="http://download.eclipse.org/dsdp/tm/updates/3.0"/>
   </url>

   <includes
         id="org.eclipse.tm.terminal"
         version="2.0.3.v200902181600-2-27w311_13292711"
         search-location="self"/>

   <requires>
      <import plugin="org.eclipse.core.runtime"/>
      <import plugin="org.eclipse.ui"/>
      <import plugin="org.eclipse.ui.views"/>
      <import plugin="org.eclipse.rse.services" version="3.0.0" match="compatible"/>
      <import plugin="org.eclipse.rse.services.ssh" version="2.1.0" match="equivalent"/>
      <import plugin="org.eclipse.rse.core" version="3.0.0" match="compatible"/>
      <import plugin="org.eclipse.rse.ui" version="3.0.0" match="compatible"/>
      <import plugin="org.eclipse.rse.connectorservice.ssh" version="2.1.0" match="compatible"/>
      <import plugin="org.eclipse.rse.subsystems.files.core" version="3.0.0" match="compatible"/>
   </requires>

   <plugin
         id="org.eclipse.rse.subsystems.terminals.core"
         download-size="7"
         install-size="15"
         version="0.1.1.v20080714"
         unpack="false"/>

   <plugin
         id="org.eclipse.rse.subsystems.terminals.ssh"
         download-size="7"
         install-size="11"
         version="0.1.0.v20080604"
         unpack="false"/>

   <plugin
         id="org.eclipse.rse.terminals.ui"
         download-size="24"
         install-size="51"
         version="0.1.3.v200902181600"
         unpack="false"/>

</feature>
